id,id_importfee_id
1,01012100
2,01022100
3,01022900
4,01029000
5,01041000
6,01051100
7,02071200
8,02071400
9,02072700
10,04021010
11,04021090
12,04022110
13,04022190
14,04022910
15,04022990
16,04041000
17,04051000
18,04059010
19,04071100
20,04071900
21,04089100
22,05080000
23,05111000
24,06022000
25,06029000
26,07011000
27,07115100
28,07131010
29,07131090
30,07132000
31,07133110
32,07133190
33,07133210
34,07133290
35,07133310
36,07133390
37,07133400
38,07133510
39,07133910
40,07134000
41,07135010
42,07135090
43,07136000
44,08011100
45,08025100
46,08025200
47,08031000
48,08039000
49,08041000
50,09011100
51,09011200
52,09021000
53,09022000
54,09023000
55,09024000
56,09030000
57,09041100
58,09041200
59,09061100
60,09061900
61,09062000
62,09071000
63,09072000
64,09081100
65,09082100
66,09083100
67,09101100
68,09101200
69,09103000
70,09109100
71,09109900
72,10011900
73,10019900
74,10039000
75,10051000
76,10059000
77,10061000
78,10062000
79,10063000
80,10071000
81,10083000
82,11010000
83,11051000
84,11071000
85,11072000
86,11081200
87,11081300
88,11081900
89,12011000
90,12019000
91,12023000
92,12024100
93,12024200
94,12040000
95,12059000
96,12060000
97,12072900
98,12074000
99,12075000
100,12091000
101,12092100
102,12092200
103,12092300
104,12092400
105,12092500
106,12092900
107,12099100
108,12099900
109,12102000
110,12112000
111,12119000
112,12141000
113,13012000
114,13019000
115,13021200
116,13021300
117,13021900
118,13022000
119,13023100
120,13023200
121,13023900
122,14011000
123,15041000
124,15042000
125,15050000
126,15071000
127,15079000
128,15089000
129,15111000
130,15119010
131,15119020
132,15119090
133,15121100
134,15131100
135,15131900
136,15132100
137,15132900
138,15152100
139,15153000
140,15155000
141,15159000
142,15162000
143,15179000
144,15180010
145,15200000
146,16041300
147,16041400
148,17011300
149,17011400
150,17019100
151,17019900
152,17021100
153,17021900
154,17023000
155,17024000
156,17025000
157,17029000
158,17031000
159,17039000
160,18031000
161,18032000
162,18040000
163,18050000
164,19011000
165,19019010
166,20079910
167,20094110
168,20094910
169,20098910
170,21011100
171,21011200
172,21012000
173,21021000
174,21022000
175,21023000
176,21031000
177,21039000
178,21061000
179,21069010
180,21069020
181,21069030
182,21069050
183,21069091
184,22071000
185,22072000
186,22089000
187,23012000
188,23040000
189,23050000
190,23061000
191,23099010
192,23099020
193,23099090
194,25010000
195,25020000
196,25030000
197,25041000
198,25049000
199,25070000
200,25081000
201,25083000
202,25084000
203,25087000
204,25090000
205,25111000
206,25112000
207,25120000
208,25161100
209,25161200
210,25181000
211,25182000
212,25191000
213,25199000
214,25201000
215,25202000
216,25221000
217,25222000
218,25231000
219,25232100
220,25252000
221,25261000
222,25262000
223,25280000
224,25291000
225,25292100
226,25292200
227,25293000
228,25301000
229,25309000
230,26011100
231,26011200
232,26020000
233,26060000
234,26070000
235,27011100
236,27011200
237,27011900
238,27030000
239,27040000
240,27072000
241,27074000
242,27075000
243,27079900
244,27101200
245,27101910
246,27101990
247,27102000
248,27111200
249,27111300
250,27111900
251,27112900
252,27121000
253,27122000
254,27129000
255,27131100
256,28011000
257,28012000
258,28020000
259,28030000
260,28041000
261,28042900
262,28045000
263,28046100
264,28046900
265,28047000
266,28049000
267,28051100
268,28051200
269,28051900
270,28061000
271,28070000
272,28080000
273,28091000
274,28092000
275,28100000
276,28111100
277,28111900
278,28112100
279,28112200
280,28112900
281,28129000
282,28139000
283,28141000
284,28142000
285,28151100
286,28151200
287,28152000
288,28153000
289,28161000
290,28164000
291,28170000
292,28181000
293,28182000
294,28183000
295,28191000
296,28201000
297,28209000
298,28211000
299,28212000
300,28220000
301,28230000
302,28249000
303,28251000
304,28253000
305,28255000
306,28259000
307,28261200
308,28261900
309,28269000
310,28271000
311,28272000
312,28273100
313,28273200
314,28273500
315,28273900
316,28274100
317,28274900
318,28275100
319,28275900
320,28276000
321,28281000
322,28289000
323,28291100
324,28291900
325,28299000
326,28301000
327,28309000
328,28311000
329,28321000
330,28322000
331,28323000
332,28331100
333,28331900
334,28332100
335,28332200
336,28332400
337,28332500
338,28332700
339,28332900
340,28333000
341,28334000
342,28341000
343,28342100
344,28342900
345,28351000
346,28352200
347,28352400
348,28352500
349,28352600
350,28352900
351,28353100
352,28353900
353,28362000
354,28363000
355,28364000
356,28365000
357,28369100
358,28369900
359,28391100
360,28391900
361,28399000
362,28401100
363,28401900
364,28402000
365,28403000
366,28416100
367,28417000
368,28419000
369,28421000
370,28429000
371,28444300
372,28444400
373,28470000
374,28491000
375,28492000
376,28531000
377,28539000
378,29011000
379,29012200
380,29012900
381,29021100
382,29021900
383,29023000
384,29024100
385,29024400
386,29025000
387,29026000
388,29029000
389,29031100
390,29031200
391,29031300
392,29032200
393,29032300
394,29034100
395,29034200
396,29034300
397,29034400
398,29034500
399,29034600
400,29034700
401,29034800
402,29034900
403,29035100
404,29035900
405,29036100
406,29036200
407,29036900
408,29037100
409,29037200
410,29037300
411,29037400
412,29037500
413,29037600
414,29037800
415,29037900
416,29038900
417,29039100
418,29039900
419,29041000
420,29042000
421,29049900
422,29051100
423,29051200
424,29051300
425,29051400
426,29051700
427,29051900
428,29052900
429,29053100
430,29053200
431,29053900
432,29054100
433,29054200
434,29054300
435,29054400
436,29054500
437,29054900
438,29055900
439,29061100
440,29061300
441,29061900
442,29062100
443,29062900
444,29071100
445,29071200
446,29071900
447,29072100
448,29072200
449,29072300
450,29072900
451,29081900
452,29089900
453,29091100
454,29091900
455,29093000
456,29094100
457,29094300
458,29094400
459,29094900
460,29095000
461,29096000
462,29101000
463,29103000
464,29109000
465,29121100
466,29121200
467,29121900
468,29124100
469,29124900
470,29125000
471,29126000
472,29130000
473,29141100
474,29141200
475,29141900
476,29142200
477,29142900
478,29143900
479,29144000
480,29145000
481,29146200
482,29146900
483,29147900
484,29151100
485,29151200
486,29151300
487,29152100
488,29152400
489,29152900
490,29153100
491,29153200
492,29153300
493,29153600
494,29153900
495,29154000
496,29155000
497,29156000
498,29157000
499,29159000
500,29161100
501,29161200
502,29161500
503,29161900
504,29162000
505,29163100
506,29163200
507,29163400
508,29163900
509,29171100
510,29171200
511,29171300
512,29171400
513,29171900
514,29173200
515,29173300
516,29173400
517,29173500
518,29173600
519,29173900
520,29181100
521,29181200
522,29181300
523,29181400
524,29181500
525,29181600
526,29181900
527,29182100
528,29182200
529,29182300
530,29182900
531,29183000
532,29189900
533,29199000
534,29202900
535,29209000
536,29211100
537,29211900
538,29212100
539,29212900
540,29213000
541,29214200
542,29214600
543,29214900
544,29215100
545,29215900
546,29221100
547,29221200
548,29221500
549,29221700
550,29221800
551,29221900
552,29222100
553,29222900
554,29223900
555,29224100
556,29224200
557,29224900
558,29225000
559,29231000
560,29232000
561,29239000
562,29241900
563,29242500
564,29242900
565,29251100
566,29251900
567,29252900
568,29262000
569,29264000
570,29269000
571,29270000
572,29280000
573,29291000
574,29299000
575,29302000
576,29304000
577,29305000
578,29309000
579,29311000
580,29312000
581,29314100
582,29314200
583,29314300
584,29314400
585,29314500
586,29314600
587,29314700
588,29314800
589,29314900
590,29315100
591,29315200
592,29315300
593,29315400
594,29315900
595,29319000
596,29321100
597,29321200
598,29321400
599,29321900
600,29322000
601,29329100
602,29329200
603,29329900
604,29331100
605,29331900
606,29332100
607,29332900
608,29333100
609,29333300
610,29333900
611,29334900
612,29335300
613,29335900
614,29336100
615,29336900
616,29337900
617,29339100
618,29339900
619,29341000
620,29342000
621,29343000
622,29349900
623,29351000
624,29352000
625,29355000
626,29359000
627,29362100
628,29362200
629,29362300
630,29362400
631,29362500
632,29362600
633,29362700
634,29362800
635,29362900
636,29369000
637,29371200
638,29371900
639,29372100
640,29372200
641,29372300
642,29372900
643,29375000
644,29379000
645,29381000
646,29389000
647,29391100
648,29391900
649,29393000
650,29394100
651,29394200
652,29394900
653,29395100
654,29395900
655,29396200
656,29396900
657,29397900
658,29398000
659,29400000
660,29411000
661,29412000
662,29413000
663,29414000
664,29415000
665,29419000
666,29420000
667,30019000
668,30021200
669,30021300
670,30021400
671,30021500
672,30024100
673,30024200
674,30024900
675,30025100
676,30029000
677,30031000
678,30032000
679,30033100
680,30033900
681,30034900
682,30039000
683,30041000
684,30042000
685,30043100
686,30043200
687,30043900
688,30044900
689,30045000
690,30049000
691,30051000
692,30059000
693,30061000
694,30062000
695,30063000
696,30064000
697,30065000
698,30066000
699,30067000
700,30069100
701,31010000
702,31021000
703,31022100
704,31022900
705,31023000
706,31025000
707,31026000
708,31028000
709,31029000
710,31031100
711,31031900
712,31039000
713,31042000
714,31043000
715,31049000
716,31051000
717,31052000
718,31053000
719,31054000
720,31055100
721,31055900
722,31056000
723,31059000
724,32012000
725,32019000
726,32021000
727,32029000
728,32030000
729,32041100
730,32041200
731,32041300
732,32041400
733,32041500
734,32041600
735,32041700
736,32041900
737,32042000
738,32049000
739,32050000
740,32061100
741,32061900
742,32062000
743,32064100
744,32064200
745,32064900
746,32065000
747,32071000
748,32072000
749,32073000
750,32074000
751,32081000
752,32089000
753,32091000
754,32100000
755,32110000
756,32121000
757,32129000
758,32131000
759,32139000
760,32141000
761,32149000
762,32151100
763,32151900
764,32159000
765,33011200
766,33011900
767,33012400
768,33012500
769,33012900
770,33013000
771,33019000
772,33021000
773,33029000
774,33041000
775,33042000
776,33049100
777,33049900
778,33061000
779,33062000
780,33069000
781,33074900
782,33079010
783,34012010
784,34023100
785,34023900
786,34024100
787,34024200
788,34024900
789,34029000
790,34031100
791,34031900
792,34039100
793,34039900
794,34042000
795,34049000
796,34051000
797,34052000
798,34054000
799,34059000
800,34070000
801,35011000
802,35019000
803,35021100
804,35030000
805,35040000
806,35051000
807,35052000
808,35061000
809,35069100
810,35069900
811,35071000
812,35079000
813,36020000
814,36031000
815,36032000
816,36033000
817,36034000
818,36035000
819,36036000
820,37011000
821,37013000
822,37019900
823,37029800
824,37031000
825,37032000
826,37039000
827,37071000
828,37079000
829,38011000
830,38019000
831,38021000
832,38029000
833,38030000
834,38040000
835,38051000
836,38059000
837,38061000
838,38063000
839,38069000
840,38085210
841,38085990
842,38086290
843,38086920
844,38086990
845,38089110
846,38089120
847,38089190
848,38089210
849,38089220
850,38089290
851,38089310
852,38089320
853,38089390
854,38089410
855,38089420
856,38089490
857,38089910
858,38089920
859,38089930
860,38089940
861,38089990
862,38091000
863,38099100
864,38099200
865,38099300
866,38101000
867,38109000
868,38111100
869,38111900
870,38112100
871,38112900
872,38119000
873,38121000
874,38122000
875,38123100
876,38123900
877,38130000
878,38140000
879,38151100
880,38151200
881,38159000
882,38160000
883,38170000
884,38190000
885,38200000
886,38210000
887,38221100
888,38221200
889,38221300
890,38221900
891,38229000
892,38231100
893,38231200
894,38231900
895,38237000
896,38241000
897,38244000
898,38245000
899,38246000
900,38248100
901,38248200
902,38248300
903,38249100
904,38249900
905,39011000
906,39012000
907,39013000
908,39014000
909,39019000
910,39021000
911,39022000
912,39023000
913,39029000
914,39031100
915,39031900
916,39032000
917,39033000
918,39039000
919,39041000
920,39042100
921,39042200
922,39043000
923,39044000
924,39049000
925,39051200
926,39051900
927,39052100
928,39052900
929,39053000
930,39059100
931,39059900
932,39061000
933,39069000
934,39071000
935,39072100
936,39072900
937,39073000
938,39074000
939,39075000
940,39076100
941,39076900
942,39077000
943,39079100
944,39079900
945,39081000
946,39089000
947,39091000
948,39092000
949,39093100
950,39093900
951,39094000
952,39095000
953,39100000
954,39111000
955,39119000
956,39121100
957,39121200
958,39122000
959,39123100
960,39123900
961,39129000
962,39131000
963,39139000
964,39140000
965,39162000
966,39169000
967,39171000
968,39172100
969,39172200
970,39172300
971,39172900
972,39173100
973,39173200
974,39173300
975,39173900
976,39174000
977,39189000
978,39191000
979,39199000
980,39201000
981,39202000
982,39203000
983,39204300
984,39204900
985,39205100
986,39205900
987,39206100
988,39206200
989,39206300
990,39206900
991,39207100
992,39207300
993,39207900
994,39209100
995,39209200
996,39209400
997,39209900
998,39211100
999,39211200
1000,39211300
1001,39211400
1002,39211900
1003,39219000
1004,39222000
1005,39231000
1006,39232100
1007,39232900
1008,39233010
1009,39233090
1010,39234000
1011,39235000
1012,39239000
1013,39249000
1014,39261000
1015,39262010
1016,39262090
1017,39263000
1018,39269010
1019,39269020
1020,39269030
1021,39269040
1022,39269050
1023,39269060
1024,39269070
1025,39269091
1026,39269092
1027,39269099
1028,40011000
1029,40012100
1030,40021100
1031,40021910
1032,40021990
1033,40022090
1034,40023190
1035,40024910
1036,40025910
1037,40026010
1038,40027010
1039,40027090
1040,40028010
1041,40029910
1042,40029990
1043,40030010
1044,40030090
1045,40051000
1046,40052000
1047,40059100
1048,40059900
1049,40069000
1050,40070000
1051,40081100
1052,40081900
1053,40082100
1054,40082900
1055,40091100
1056,40091200
1057,40092100
1058,40092200
1059,40093100
1060,40093200
1061,40094100
1062,40094200
1063,40101100
1064,40101200
1065,40101900
1066,40103100
1067,40103200
1068,40103300
1069,40103600
1070,40103900
1071,40111000
1072,40112000
1073,40113000
1074,40114000
1075,40115000
1076,40117000
1077,40118000
1078,40119000
1079,40121100
1080,40121300
1081,40131000
1082,40132000
1083,40139000
1084,40141000
1085,40149000
1086,40151200
1087,40159000
1088,40169100
1089,40169200
1090,40169300
1091,40169400
1092,40169910
1093,40169920
1094,40169990
1095,40170010
1096,40170020
1097,41012000
1098,41015000
1099,41019000
1100,41021000
1101,41022100
1102,41022900
1103,44011100
1104,44011200
1105,44034900
1106,44071100
1107,44071900
1108,44072200
1109,44072700
1110,44072800
1111,44072900
1112,44079100
1113,44079200
1114,44079500
1115,44079900
1116,44083900
1117,44089000
1118,44101110
1119,44101120
1120,44101190
1121,44101200
1122,44109000
1123,44111200
1124,44111300
1125,44111400
1126,44119200
1127,44119300
1128,44119400
1129,44121000
1130,44123100
1131,44123300
1132,44123400
1133,44123900
1134,44124100
1135,44124200
1136,44124900
1137,44125100
1138,44125200
1139,44125900
1140,44129100
1141,44129200
1142,44129900
1143,44130000
1144,44170000
1145,44219920
1146,44219930
1147,45031000
1148,47020000
1149,47031100
1150,47031900
1151,47032100
1152,47032900
1153,47042100
1154,47062000
1155,47069100
1156,47069200
1157,47079000
1158,48010000
1159,48021000
1160,48022000
1161,48024000
1162,48025400
1163,48025500
1164,48025600
1165,48025700
1166,48025800
1167,48026100
1168,48026200
1169,48026900
1170,48030000
1171,48041100
1172,48041900
1173,48042100
1174,48042900
1175,48043100
1176,48043900
1177,48044100
1178,48044900
1179,48045100
1180,48045200
1181,48045900
1182,48051100
1183,48051200
1184,48051900
1185,48052400
1186,48052500
1187,48053000
1188,48054000
1189,48055000
1190,48059100
1191,48059200
1192,48059300
1193,48061000
1194,48062000
1195,48063000
1196,48064000
1197,48070000
1198,48081000
1199,48084000
1200,48089000
1201,48092000
1202,48099000
1203,48101300
1204,48101400
1205,48101900
1206,48102200
1207,48102900
1208,48103100
1209,48103900
1210,48109200
1211,48109900
1212,48111000
1213,48114100
1214,48114900
1215,48115100
1216,48115900
1217,48116000
1218,48119000
1219,48120000
1220,48162000
1221,48169000
1222,48185000
1223,48189010
1224,48191000
1225,48192000
1226,48193000
1227,48194000
1228,48201000
1229,48202000
1230,48203000
1231,48204000
1232,48211000
1233,48219000
1234,48221000
1235,48232000
1236,48234000
1237,48239010
1238,48239090
1239,49011000
1240,49019100
1241,49019900
1242,49081000
1243,49089000
1244,49111000
1245,50060000
1246,51062000
1247,51072000
1248,51081000
1249,51082000
1250,51091000
1251,51099000
1252,51100000
1253,51111100
1254,51111900
1255,51112000
1256,51119000
1257,51121100
1258,51121900
1259,51122000
1260,51123000
1261,51129000
1262,51130000
1263,52010000
1264,52030000
1265,52041100
1266,52041900
1267,52042000
1268,52051100
1269,52051200
1270,52051300
1271,52051500
1272,52052100
1273,52052200
1274,52052300
1275,52052400
1276,52052600
1277,52053100
1278,52053200
1279,52053300
1280,52054100
1281,52054200
1282,52054400
1283,52054600
1284,52054700
1285,52054800
1286,52061400
1287,52062200
1288,52062400
1289,52064400
1290,52071000
1291,52079000
1292,52081100
1293,52081300
1294,52081900
1295,52082100
1296,52082300
1297,52082900
1298,52083100
1299,52083200
1300,52083900
1301,52084200
1302,52084900
1303,52085100
1304,52085200
1305,52085900
1306,52091100
1307,52091900
1308,52092100
1309,52092200
1310,52092900
1311,52093100
1312,52093200
1313,52093900
1314,52094200
1315,52094300
1316,52094900
1317,52095900
1318,52101100
1319,52101900
1320,52102900
1321,52103900
1322,52104900
1323,52105900
1324,52111200
1325,52111900
1326,52113100
1327,52113900
1328,52114100
1329,52114200
1330,52114300
1331,52114900
1332,52115100
1333,52115200
1334,52115900
1335,52121100
1336,52121200
1337,52121300
1338,52121400
1339,52121500
1340,52122300
1341,52122400
1342,52122500
1343,53012900
1344,53021000
1345,53031000
1346,53050000
1347,53062000
1348,53071000
1349,53072000
1350,53089000
1351,53091100
1352,53091900
1353,53092900
1354,53101000
1355,53110000
1356,54011000
1357,54012000
1358,54021100
1359,54021900
1360,54022000
1361,54023100
1362,54023200
1363,54023300
1364,54023400
1365,54023900
1366,54024400
1367,54024500
1368,54024600
1369,54024700
1370,54024800
1371,54024900
1372,54025100
1373,54025200
1374,54025300
1375,54025900
1376,54026100
1377,54026200
1378,54026300
1379,54026900
1380,54031000
1381,54033100
1382,54033200
1383,54033900
1384,54034100
1385,54034900
1386,54041100
1387,54041200
1388,54041900
1389,54049000
1390,54050000
1391,54060000
1392,54072000
1393,54073000
1394,54074200
1395,54074300
1396,54074400
1397,54075100
1398,54075200
1399,54075300
1400,54075400
1401,54076100
1402,54076900
1403,54077100
1404,54077200
1405,54077300
1406,54077400
1407,54078100
1408,54078200
1409,54078300
1410,54078400
1411,54079100
1412,54079200
1413,54079300
1414,54079400
1415,54081000
1416,54082200
1417,54082300
1418,54083200
1419,54083300
1420,55011100
1421,55011900
1422,55013000
1423,55021000
1424,55031100
1425,55032000
1426,55034000
1427,55039000
1428,55049000
1429,55063000
1430,55081000
1431,55082000
1432,55092100
1433,55092200
1434,55093100
1435,55093200
1436,55094100
1437,55094200
1438,55095100
1439,55095200
1440,55095300
1441,55095900
1442,55096100
1443,55096900
1444,55099900
1445,55101100
1446,55101200
1447,55102000
1448,55103000
1449,55109000
1450,55111000
1451,55113000
1452,55121100
1453,55121900
1454,55129900
1455,55131900
1456,55132100
1457,55132300
1458,55132900
1459,55133900
1460,55134100
1461,55134900
1462,55141100
1463,55141200
1464,55141900
1465,55142300
1466,55142900
1467,55144100
1468,55144900
1469,55151100
1470,55151200
1471,55151300
1472,55151900
1473,55152100
1474,55152900
1475,55159100
1476,55159900
1477,55161100
1478,55161200
1479,55161300
1480,55161400
1481,55162100
1482,55162200
1483,55162400
1484,55164400
1485,55169200
1486,56012100
1487,56012200
1488,56012900
1489,56021000
1490,56031100
1491,56031200
1492,56031300
1493,56031400
1494,56039100
1495,56039200
1496,56039300
1497,56039400
1498,56041000
1499,56049000
1500,56050000
1501,56060000
1502,56072100
1503,56072900
1504,56074100
1505,56075000
1506,56079000
1507,56081100
1508,56090000
1509,58011000
1510,58012100
1511,58012200
1512,58013200
1513,58019000
1514,58021000
1515,58022000
1516,58041000
1517,58042100
1518,58042900
1519,58043000
1520,58061000
1521,58062000
1522,58063100
1523,58063200
1524,58063900
1525,58064000
1526,58071000
1527,58079000
1528,58081000
1529,58089000
1530,58090000
1531,58101000
1532,58109100
1533,58109200
1534,58109900
1535,58110000
1536,59011000
1537,59019000
1538,59022000
1539,59031000
1540,59032000
1541,59039000
1542,59061000
1543,59069100
1544,59069900
1545,59070000
1546,59090000
1547,59100000
1548,59111000
1549,59112000
1550,59113100
1551,59113200
1552,59114000
1553,59119000
1554,60011000
1555,60012100
1556,60012200
1557,60012900
1558,60019100
1559,60019200
1560,60019900
1561,60024000
1562,60029000
1563,60033000
1564,60041000
1565,60049000
1566,60052100
1567,60052200
1568,60052300
1569,60052400
1570,60053900
1571,60054100
1572,60054200
1573,60054400
1574,60059000
1575,60061000
1576,60062100
1577,60062200
1578,60062300
1579,60062400
1580,60063100
1581,60063200
1582,60063300
1583,60063400
1584,60064200
1585,60064300
1586,60064400
1587,60069000
1588,61151000
1589,63072000
1590,63079000
1591,64061000
1592,64069000
1593,65061000
1594,68041000
1595,68042100
1596,68042200
1597,68042300
1598,68043000
1599,68051000
1600,68052000
1601,68053000
1602,68061000
1603,68062000
1604,68069000
1605,68071000
1606,68079000
1607,68080000
1608,68099010
1609,68129900
1610,68132000
1611,68138100
1612,68138900
1613,68141000
1614,69010000
1615,69021000
1616,69022000
1617,69029000
1618,69031000
1619,69032000
1620,69039000
1621,69072100
1622,69072200
1623,69072300
1624,69073000
1625,69074000
1626,69091100
1627,69091900
1628,69101000
1629,69149010
1630,70010000
1631,70021000
1632,70022000
1633,70023100
1634,70023200
1635,70023900
1636,70031200
1637,70031900
1638,70032000
1639,70049000
1640,70051000
1641,70052100
1642,70052900
1643,70053000
1644,70071110
1645,70071190
1646,70071900
1647,70072190
1648,70072900
1649,70080000
1650,70091010
1651,70091090
1652,70101000
1653,70102000
1654,70109000
1655,70119000
1656,70132800
1657,70133700
1658,70134200
1659,70134900
1660,70139900
1661,70140090
1662,70171000
1663,70172000
1664,70179000
1665,70181000
1666,70182000
1667,70189000
1668,70191100
1669,70191200
1670,70191400
1671,70191500
1672,70191900
1673,70196100
1674,70196200
1675,70196300
1676,70196400
1677,70196500
1678,70196600
1679,70196900
1680,70197100
1681,70197200
1682,70197300
1683,70198000
1684,70199000
1685,70200010
1686,70200020
1687,70200030
1688,71069200
1689,72021100
1690,72021900
1691,72022100
1692,72022900
1693,72023000
1694,72024100
1695,72024900
1696,72027000
1697,72029100
1698,72029200
1699,72029900
1700,72031000
1701,72041000
1702,72044100
1703,72044900
1704,72051000
1705,72052900
1706,72071900
1707,72072000
1708,72081000
1709,72082500
1710,72082600
1711,72082700
1712,72083600
1713,72083700
1714,72083800
1715,72083900
1716,72084000
1717,72085100
1718,72085200
1719,72085300
1720,72085400
1721,72089000
1722,72091500
1723,72091600
1724,72091700
1725,72091800
1726,72092500
1727,72092600
1728,72092700
1729,72092800
1730,72099000
1731,72101100
1732,72101200
1733,72103000
1734,72104100
1735,72104900
1736,72106100
1737,72107000
1738,72109000
1739,72111300
1740,72111400
1741,72111900
1742,72112900
1743,72119000
1744,72122000
1745,72123000
1746,72124000
1747,72125000
1748,72126000
1749,72141000
1750,72149100
1751,72149900
1752,72151000
1753,72155000
1754,72159000
1755,72161000
1756,72162100
1757,72162200
1758,72163100
1759,72163200
1760,72163300
1761,72164000
1762,72165000
1763,72166100
1764,72166900
1765,72169100
1766,72169900
1767,72171000
1768,72172000
1769,72173000
1770,72179000
1771,72189100
1772,72189900
1773,72191200
1774,72191300
1775,72191400
1776,72192100
1777,72192200
1778,72192300
1779,72193100
1780,72193200
1781,72193300
1782,72193400
1783,72193500
1784,72199000
1785,72202000
1786,72209000
1787,72221100
1788,72221900
1789,72222000
1790,72223000
1791,72224000
1792,72230000
1793,72249000
1794,72251100
1795,72253000
1796,72254000
1797,72255000
1798,72259100
1799,72259900
1800,72261100
1801,72261900
1802,72269200
1803,72269900
1804,72283000
1805,72285000
1806,72286000
1807,72287000
1808,72292000
1809,72299000
1810,73012000
1811,73021000
1812,73024000
1813,73029000
1814,73030000
1815,73041100
1816,73041900
1817,73042200
1818,73042300
1819,73042900
1820,73043100
1821,73043900
1822,73044100
1823,73044900
1824,73045100
1825,73045900
1826,73049000
1827,73051100
1828,73053900
1829,73059000
1830,73061100
1831,73061900
1832,73062100
1833,73062900
1834,73064000
1835,73065000
1836,73069000
1837,73071100
1838,73071900
1839,73072100
1840,73072200
1841,73072300
1842,73072900
1843,73079100
1844,73079200
1845,73079300
1846,73079900
1847,73081000
1848,73082000
1849,73083000
1850,73089000
1851,73090000
1852,73101000
1853,73102100
1854,73102900
1855,73110000
1856,73121000
1857,73129000
1858,73143900
1859,73151100
1860,73151200
1861,73152000
1862,73158100
1863,73158200
1864,73158900
1865,73159000
1866,73160000
1867,73170000
1868,73181100
1869,73181200
1870,73181300
1871,73181400
1872,73181500
1873,73181600
1874,73181900
1875,73182100
1876,73182200
1877,73182300
1878,73182400
1879,73182900
1880,73194000
1881,73199000
1882,73201000
1883,73202000
1884,73209000
1885,73219000
1886,73221100
1887,73221900
1888,73229000
1889,73239300
1890,73239400
1891,73239900
1892,73241000
1893,73249000
1894,73251000
1895,73259100
1896,73259900
1897,73261100
1898,73262000
1899,73269000
1900,74010000
1901,74031100
1902,74031200
1903,74031300
1904,74031900
1905,74032100
1906,74032200
1907,74032900
1908,74050000
1909,74061000
1910,74062000
1911,74071000
1912,74072100
1913,74072900
1914,74081100
1915,74081900
1916,74082100
1917,74082900
1918,74091100
1919,74091900
1920,74092100
1921,74092900
1922,74093100
1923,74094000
1924,74099000
1925,74101100
1926,74101200
1927,74102200
1928,74111000
1929,74112200
1930,74112900
1931,74121000
1932,74122000
1933,74152100
1934,74152900
1935,74153300
1936,74153900
1937,74198940
1938,75021000
1939,75022000
1940,75040000
1941,75061000
1942,75062000
1943,76011000
1944,76012000
1945,76031000
1946,76032000
1947,76041000
1948,76042100
1949,76042900
1950,76051100
1951,76052100
1952,76052900
1953,76061100
1954,76069100
1955,76069200
1956,76071100
1957,76071900
1958,76072000
1959,76081000
1960,76082000
1961,76090000
1962,76101000
1963,76109000
1964,76110000
1965,76121000
1966,76129000
1967,76130000
1968,76151000
1969,76152000
1970,76161000
1971,76169910
1972,78019900
1973,78041900
1974,78060010
1975,79011100
1976,79011200
1977,79012000
1978,79031000
1979,79050000
1980,79070010
1981,80011000
1982,80012000
1983,80030000
1984,80070010
1985,81041100
1986,81041900
1987,82011000
1988,82013000
1989,82014000
1990,82015000
1991,82016000
1992,82019000
1993,82021000
1994,82022000
1995,82023100
1996,82023900
1997,82024000
1998,82029100
1999,82029900
2000,82031000
2001,82032000
2002,82033000
2003,82034000
2004,82041100
2005,82041200
2006,82042000
2007,82051000
2008,82052000
2009,82053000
2010,82054000
2011,82055100
2012,82055900
2013,82056000
2014,82057000
2015,82058000
2016,82059000
2017,82060000
2018,82071300
2019,82071900
2020,82072000
2021,82073000
2022,82074000
2023,82075000
2024,82076000
2025,82077000
2026,82078000
2027,82079000
2028,82081000
2029,82082000
2030,82083000
2031,82084000
2032,82089000
2033,82090000
2034,82119310
2035,82119390
2036,82119400
2037,82119500
2038,82121000
2039,82122000
2040,82129000
2041,82130000
2042,82141000
2043,82149010
2044,83011000
2045,83012000
2046,83013000
2047,83014000
2048,83015000
2049,83016000
2050,83017000
2051,83021000
2052,83022000
2053,83023000
2054,83024100
2055,83024200
2056,83024900
2057,83026000
2058,83030000
2059,83051000
2060,83052000
2061,83059000
2062,83071000
2063,83079000
2064,83081000
2065,83082000
2066,83089000
2067,83091000
2068,83099000
2069,83111000
2070,83112000
2071,83113000
2072,83119000
2073,84021100
2074,84021200
2075,84021900
2076,84022000
2077,84029000
2078,84031000
2079,84039000
2080,84041010
2081,84041020
2082,84042000
2083,84049010
2084,84049020
2085,84051000
2086,84059000
2087,84068100
2088,84069000
2089,84071000
2090,84072100
2091,84072900
2092,84073100
2093,84073200
2094,84073300
2095,84073410
2096,84073490
2097,84079000
2098,84081000
2099,84082000
2100,84089000
2101,84091000
2102,84099100
2103,84099900
2104,84109000
2105,84111100
2106,84112100
2107,84118200
2108,84119100
2109,84119900
2110,84122100
2111,84122900
2112,84123100
2113,84123900
2114,84128000
2115,84129000
2116,84131100
2117,84131900
2118,84132000
2119,84133000
2120,84134000
2121,84135000
2122,84136000
2123,84138100
2124,84138200
2125,84139100
2126,84139200
2127,84141000
2128,84142000
2129,84143000
2130,84144000
2131,84145910
2132,84148000
2133,84149000
2134,84151010
2135,84152010
2136,84158210
2137,84159090
2138,84161000
2139,84162000
2140,84169000
2141,84171000
2142,84172000
2143,84178000
2144,84179000
2145,84184010
2146,84184090
2147,84185010
2148,84186920
2149,84186930
2150,84186940
2151,84189100
2152,84189900
2153,84191100
2154,84191200
2155,84192000
2156,84193400
2157,84193900
2158,84194000
2159,84195000
2160,84196000
2161,84198900
2162,84199010
2163,84199090
2164,84201010
2165,84201090
2166,84209100
2167,84209900
2168,84211100
2169,84211200
2170,84211900
2171,84212110
2172,84212190
2173,84212200
2174,84212310
2175,84212390
2176,84212900
2177,84213110
2178,84213190
2179,84213900
2180,84219100
2181,84219900
2182,84222000
2183,84223000
2184,84224000
2185,84229000
2186,84231000
2187,84232000
2188,84233000
2189,84238100
2190,84238200
2191,84238900
2192,84239000
2193,84241000
2194,84242000
2195,84243000
2196,84244100
2197,84244900
2198,84248200
2199,84248900
2200,84249000
2201,84251100
2202,84251900
2203,84253100
2204,84253900
2205,84254100
2206,84254200
2207,84254900
2208,84261100
2209,84261200
2210,84261900
2211,84262000
2212,84263000
2213,84264100
2214,84264900
2215,84269100
2216,84269900
2217,84271000
2218,84272000
2219,84279000
2220,84281000
2221,84282000
2222,84283100
2223,84283200
2224,84283300
2225,84283900
2226,84284000
2227,84289000
2228,84291100
2229,84291900
2230,84292000
2231,84293000
2232,84294000
2233,84295100
2234,84295200
2235,84295900
2236,84301000
2237,84302000
2238,84303100
2239,84303900
2240,84304100
2241,84304900
2242,84305000
2243,84306100
2244,84306900
2245,84311000
2246,84312000
2247,84313100
2248,84313900
2249,84314100
2250,84314200
2251,84314300
2252,84314900
2253,84321000
2254,84322100
2255,84322900
2256,84323100
2257,84323900
2258,84324100
2259,84328000
2260,84329000
2261,84331100
2262,84331900
2263,84332000
2264,84333000
2265,84334000
2266,84335100
2267,84335200
2268,84335300
2269,84335900
2270,84336000
2271,84339000
2272,84341000
2273,84342000
2274,84349000
2275,84359000
2276,84361000
2277,84362100
2278,84362900
2279,84368000
2280,84369100
2281,84369900
2282,84371000
2283,84378000
2284,84379000
2285,84381000
2286,84382000
2287,84383000
2288,84384000
2289,84385000
2290,84386000
2291,84388000
2292,84389000
2293,84391000
2294,84392000
2295,84393000
2296,84399100
2297,84399900
2298,84401000
2299,84409000
2300,84411000
2301,84412000
2302,84413000
2303,84414000
2304,84418000
2305,84419000
2306,84423000
2307,84424000
2308,84425000
2309,84431100
2310,84431200
2311,84431300
2312,84431400
2313,84431600
2314,84431700
2315,84431900
2316,84433100
2317,84433210
2318,84433220
2319,84433230
2320,84433900
2321,84439100
2322,84439900
2323,84440000
2324,84451100
2325,84451200
2326,84451900
2327,84452000
2328,84453000
2329,84454000
2330,84459000
2331,84461000
2332,84462100
2333,84462900
2334,84463000
2335,84471100
2336,84471200
2337,84472000
2338,84479000
2339,84481100
2340,84481900
2341,84482000
2342,84483300
2343,84483900
2344,84484900
2345,84485100
2346,84485900
2347,84490000
2348,84509000
2349,84511000
2350,84512900
2351,84513010
2352,84514000
2353,84515000
2354,84518010
2355,84518090
2356,84519000
2357,84521000
2358,84522100
2359,84522900
2360,84523000
2361,84529000
2362,84531000
2363,84532000
2364,84538000
2365,84539000
2366,84541000
2367,84542000
2368,84543000
2369,84549000
2370,84551000
2371,84552100
2372,84552200
2373,84553000
2374,84559000
2375,84561100
2376,84562000
2377,84563000
2378,84564000
2379,84565000
2380,84569000
2381,84571000
2382,84572000
2383,84573000
2384,84581100
2385,84581900
2386,84589100
2387,84589900
2388,84591000
2389,84592100
2390,84592900
2391,84593100
2392,84593900
2393,84594900
2394,84595100
2395,84595900
2396,84596100
2397,84596900
2398,84597000
2399,84601200
2400,84601900
2401,84602400
2402,84602900
2403,84603100
2404,84603900
2405,84604000
2406,84609000
2407,84612000
2408,84613000
2409,84614000
2410,84615000
2411,84619000
2412,84621100
2413,84621900
2414,84622200
2415,84622300
2416,84622400
2417,84622500
2418,84622600
2419,84622900
2420,84623200
2421,84623300
2422,84623900
2423,84624200
2424,84624900
2425,84625100
2426,84625900
2427,84626100
2428,84626200
2429,84626300
2430,84626900
2431,84629000
2432,84631000
2433,84632000
2434,84633000
2435,84639000
2436,84641000
2437,84642000
2438,84649000
2439,84651000
2440,84652000
2441,84659100
2442,84659200
2443,84659300
2444,84659500
2445,84659600
2446,84659900
2447,84661000
2448,84662000
2449,84663000
2450,84669100
2451,84669200
2452,84669300
2453,84669400
2454,84671100
2455,84671900
2456,84672100
2457,84672200
2458,84672900
2459,84678100
2460,84678900
2461,84679100
2462,84679200
2463,84679900
2464,84681000
2465,84682000
2466,84688000
2467,84689000
2468,84701000
2469,84702100
2470,84702900
2471,84703000
2472,84705000
2473,84709000
2474,84713000
2475,84714100
2476,84714900
2477,84715000
2478,84716000
2479,84717000
2480,84718000
2481,84719000
2482,84721000
2483,84723000
2484,84729000
2485,84732100
2486,84732900
2487,84733000
2488,84734000
2489,84735000
2490,84741000
2491,84742000
2492,84743100
2493,84743200
2494,84748000
2495,84749000
2496,84752900
2497,84759000
2498,84769000
2499,84771000
2500,84772000
2501,84773000
2502,84774000
2503,84775100
2504,84775900
2505,84778000
2506,84779000
2507,84789000
2508,84791000
2509,84792000
2510,84793000
2511,84794000
2512,84797900
2513,84798100
2514,84798200
2515,84798910
2516,84798920
2517,84798990
2518,84799000
2519,84801000
2520,84802000
2521,84804100
2522,84804900
2523,84805000
2524,84806000
2525,84807100
2526,84807900
2527,84811000
2528,84812000
2529,84813000
2530,84814000
2531,84818010
2532,84818020
2533,84818030
2534,84818090
2535,84819000
2536,84821000
2537,84822000
2538,84824000
2539,84825000
2540,84828000
2541,84829100
2542,84829900
2543,84831010
2544,84831090
2545,84832010
2546,84832090
2547,84833010
2548,84833090
2549,84834010
2550,84834090
2551,84835010
2552,84835090
2553,84836010
2554,84836090
2555,84839010
2556,84839090
2557,84841000
2558,84842000
2559,84849000
2560,84862000
2561,84871000
2562,84879000
2563,85011000
2564,85012000
2565,85013100
2566,85013200
2567,85013300
2568,85013400
2569,85014000
2570,85015100
2571,85015200
2572,85015300
2573,85016100
2574,85016200
2575,85016300
2576,85016400
2577,85021100
2578,85021200
2579,85021300
2580,85022000
2581,85023100
2582,85023900
2583,85024000
2584,85030000
2585,85041000
2586,85042200
2587,85042300
2588,85043100
2589,85043200
2590,85044000
2591,85045000
2592,85049000
2593,85051100
2594,85051900
2595,85052000
2596,85059000
2597,85061000
2598,85064000
2599,85065000
2600,85068010
2601,85068090
2602,85069000
2603,85071010
2604,85071090
2605,85072010
2606,85072090
2607,85073090
2608,85074000
2609,85075000
2610,85076000
2611,85078000
2612,85079000
2613,85081910
2614,85087000
2615,85099000
2616,85101000
2617,85102000
2618,85103000
2619,85109000
2620,85111000
2621,85112000
2622,85113000
2623,85114000
2624,85115000
2625,85118000
2626,85119000
2627,85121000
2628,85122010
2629,85122090
2630,85123010
2631,85123090
2632,85124010
2633,85124090
2634,85129000
2635,85131000
2636,85139000
2637,85141100
2638,85141900
2639,85142000
2640,85143100
2641,85143200
2642,85143900
2643,85144000
2644,85149000
2645,85151100
2646,85151900
2647,85152100
2648,85152900
2649,85153100
2650,85153900
2651,85158000
2652,85159000
2653,85161010
2654,85168000
2655,85169000
2656,85171300
2657,85171800
2658,85176110
2659,85176120
2661,85176210
2662,85176290
2663,85176900
2664,85177100
2665,85177900
2666,85182110
2667,85185000
2668,85189000
2669,85229000
2670,85232100
2671,85232900
2672,85234900
2673,85235100
2674,85235200
2675,85238000
2676,85255000
2677,85256000
2678,85261000
2679,85269100
2680,85269200
2681,85271900
2682,85272110
2683,85272190
2684,85272910
2685,85272990
2686,85279100
2687,85284900
2688,85285210
2689,85285900
2690,85286200
2691,85286900
2692,85287100
2693,85287210
2694,85291000
2695,85299000
2696,85308000
2697,85309000
2698,85311000
2699,85318000
2700,85319000
2701,85321000
2702,85322100
2703,85322200
2704,85322400
2705,85322500
2706,85322900
2707,85323000
2708,85329000
2709,85332900
2710,85333100
2711,85333900
2712,85334000
2713,85339000
2714,85340000
2715,85351000
2716,85352100
2717,85352900
2718,85353000
2719,85354000
2720,85359000
2721,85361000
2722,85362000
2723,85363000
2724,85364100
2725,85364900
2726,85366100
2727,85366900
2728,85367000
2729,85369000
2730,85371000
2731,85372000
2732,85381000
2733,85389000
2734,85391000
2735,85392100
2736,85392200
2737,85392900
2738,85393110
2739,85393190
2740,85393900
2741,85394100
2742,85394900
2743,85395100
2744,85395200
2745,85399000
2746,85411000
2747,85412100
2748,85412900
2749,85413000
2750,85414100
2751,85414200
2752,85414300
2753,85414900
2754,85415100
2755,85415900
2756,85416000
2757,85419000
2758,85423100
2759,85423200
2760,85423900
2761,85429000
2762,85431000
2763,85432000
2764,85437000
2765,85439000
2766,85442000
2767,85443000
2768,85444200
2769,85444900
2770,85446000
2771,85447000
2772,85451100
2773,85451900
2774,85452000
2775,85459000
2776,85461000
2777,85462000
2778,85463000
2779,85471000
2780,85472000
2781,85479000
2782,86080000
2783,86090000
2784,87011010
2785,87011090
2786,87012100
2787,87012200
2788,87012300
2789,87012400
2790,87012900
2791,87013010
2792,87013090
2793,87019110
2794,87019191
2795,87019199
2796,87019210
2797,87019291
2798,87019299
2799,87019310
2800,87019391
2801,87019399
2802,87019410
2803,87019491
2804,87019499
2805,87019510
2806,87019591
2807,87019599
2808,87021040
2809,87021050
2810,87022040
2811,87022050
2812,87022090
2813,87023040
2814,87023050
2815,87023090
2816,87024040
2817,87024050
2818,87024090
2819,87032110
2820,87032210
2821,87032310
2822,87032320
2823,87032394
2824,87032410
2825,87032420
2826,87032493
2827,87033110
2828,87033210
2829,87033220
2830,87033293
2831,87033310
2832,87033320
2833,87033394
2834,87034000
2835,87035000
2836,87036000
2837,87037000
2838,87038000
2839,87039010
2840,87039020
2841,87039095
2842,87041000
2843,87042110
2844,87042120
2845,87042190
2846,87042210
2847,87042290
2848,87042310
2849,87042390
2850,87043120
2851,87043210
2852,87049010
2853,87051000
2854,87052000
2855,87053000
2856,87054000
2857,87059000
2858,87060030
2859,87071020
2860,87079090
2861,87081090
2862,87082190
2863,87082910
2864,87082990
2865,87083090
2866,87084010
2867,87084090
2868,87085010
2869,87085090
2870,87087010
2871,87087090
2872,87088090
2873,87089110
2874,87089190
2875,87089210
2876,87089290
2877,87089390
2878,87089410
2879,87089490
2880,87089590
2881,87089911
2882,87089915
2883,87089990
2884,87091100
2885,87091900
2886,87099000
2887,87131000
2888,87139000
2889,87141000
2890,87142000
2891,87149100
2892,87149200
2893,87149300
2894,87149400
2895,87149500
2896,87149600
2897,87149900
2898,87162000
2899,87163100
2900,87163900
2901,87164000
2902,87168000
2903,87169090
2904,89071000
2905,90013000
2906,90014000
2907,90015000
2908,90019000
2909,90021100
2910,90021900
2911,90029000
2912,90031100
2913,90031900
2914,90039000
2915,90049000
2916,90061000
2917,90064000
2918,90069100
2919,90079100
2920,90085000
2921,90089000
2922,90109000
2923,90111000
2924,90112000
2925,90113000
2926,90119000
2927,90121000
2928,90132000
2929,90138000
2930,90139000
2931,90141000
2932,90148000
2933,90149000
2934,90151000
2935,90152000
2936,90153000
2937,90154000
2938,90158000
2939,90159000
2940,90160000
2941,90171000
2942,90172000
2943,90173000
2944,90178000
2945,90179000
2946,90181100
2947,90181200
2948,90181300
2949,90181400
2950,90181900
2951,90182000
2952,90183100
2953,90183200
2954,90183900
2955,90184100
2956,90184900
2957,90185000
2958,90189000
2959,90191000
2960,90192000
2961,90200000
2962,90211000
2963,90212100
2964,90212900
2965,90213100
2966,90213900
2967,90214000
2968,90215000
2969,90219000
2970,90221200
2971,90221300
2972,90221400
2973,90221900
2974,90222100
2975,90222900
2976,90223000
2977,90229000
2978,90230000
2979,90241000
2980,90248000
2981,90251100
2982,90251900
2983,90258000
2984,90259000
2985,90261000
2986,90262000
2987,90268000
2988,90269000
2989,90271000
2990,90272000
2991,90273000
2992,90275000
2993,90278100
2994,90278900
2995,90279000
2996,90281000
2997,90282000
2998,90283000
2999,90289000
3000,90291000
3001,90299000
3002,90301000
3003,90303100
3004,90303200
3005,90303300
3006,90303900
3007,90304000
3008,90308400
3009,90308900
3010,90309000
3011,90311000
3012,90312000
3013,90314900
3014,90318000
3015,90319000
3016,90321000
3017,90322000
3018,90328100
3019,90328900
3020,90329000
3021,90330000
3022,91040000
3023,91070000
3024,91091000
3025,91099000
3026,91109000
3027,91143000
3028,91149000
3029,93063000
3030,93069000
3031,94012010
3032,94019110
3033,94019190
3034,94019910
3035,94019990
3036,94021000
3037,94029000
3038,94039100
3039,94039900
3040,94054100
3041,94054200
3042,94054900
3043,94055000
3044,94059100
3045,94059200
3046,94059900
3047,94061000
3048,94062000
3049,94069000
3050,95079000
3051,96019000
3052,96020010
3053,96032100
3054,96033000
3055,96034000
3056,96035000
3057,96039010
3058,96061000
3059,96062100
3060,96062200
3061,96062900
3062,96063000
3063,96071100
3064,96071900
3065,96072000
3066,96081000
3067,96082000
3068,96083000
3069,96084000
3070,96085000
3071,96086000
3072,96089920
3073,96089990
3074,96091010
3075,96091090
3076,96092000
3077,96099000
3078,96100000
3079,96110000
3080,96121000
3081,96122000
3082,96131000
3083,96132000
3084,96138010
3085,96138020
3086,96138090
3087,96161000
